都道府県コード又は市区町村コード,NO,都道府県名,市区町村名,名称,名称_カナ,郵便番号,区,所在地1,所在地2,緯度,経度,電話番号,設置主体,定員,分類,開所時間,閉所時間,保育標準開始時間,保育標準終了時間,保育短時間開始時間,保育短時間終了時間,一時預かり事業の種類,基本的な利用できる曜日,基本的な利用できる時間（開始時間）,基本的な利用できる時間（終了時間）,基本的な利用できる歳児,予約を開始する概ねの時期,利用料、免除基準,備考（一時預かり）,募集人数・申込人数の該当月,募集人数（0歳）,募集人数（1歳）,募集人数（2歳）,募集人数（3歳）,募集人数（4歳）,募集人数（5歳）,申込人数（0歳）,申込人数（1歳）,申込人数（2歳）,申込人数（3歳）,申込人数（4歳）,申込人数（5歳）,申込数集計日,備考
221309,11101,静岡県,浜松市,佐鳴台こども園,サナルダイコドモエン,4328021,中央区,浜松市中央区佐鳴台三丁目31-2,,34.705383,137.695770,(053)449-0744,浜松市,140,幼保連携型認定こども園,7:30,19:00,7:30,18:30,8:30,16:30,一時預かり事業（一般型）,"月曜日,火曜日,水曜日,木曜日,金曜日,土曜日",7:30,18:30,"0歳児（産休明から）,1歳児,2歳児,3歳児,4歳児,5歳児",おおむね2か月前,"市の基準により実施　※【0〜2歳児】4時間未満:1,200円、4時間以上:2,000円【3〜5歳児】4時間未満:500円、4時間以上:800円、副食費:200円",利用を希望する日の保育室の面積基準、保育士の配置基準、行事日や、利用する児童の発育状況等により、受け入れできない場合がありますので、ここに掲載している基本情報については、目安としてご覧ください。,令和8年2月,0,0,0,0,0,1,21,11,6,2,1,0,2025-12-19,
221309,21101,静岡県,浜松市,ひくまこども園,ヒクマコドモエン,4300901,中央区,浜松市中央区曳馬四丁目8-12,,34.729259,137.744824,(053)464-4069,（福）松寿会,120,幼保連携型認定こども園,7:00,19:00,7:00,18:00,8:30,16:30,一時預かり事業（余裕活用型）,"月曜日,火曜日,水曜日,木曜日,金曜日",9:00,16:00,"1歳児,2歳児,3歳児,4歳児,5歳児",随時,"市の基準により実施　※【0〜2歳児】4時間未満:1,200円、4時間以上:2,000円【3〜5歳児】4時間未満:500円、4時間以上:800円、副食費:200円",利用を希望する日の保育室の面積基準、保育士の配置基準、行事日や、利用する児童の発育状況等により、受け入れできない場合がありますので、ここに掲載している基本情報については、目安としてご覧ください。,令和8年2月,0,0,0,0,0,0,32,20,5,3,1,2,2025-12-19,
221309,21102,静岡県,浜松市,なかざわこども園,ナカザワコドモエン,4300904,中央区,浜松市中央区中沢町58-9,,34.722851,137.727827,(053)471-0497,（学）空華学園,90,幼保連携型認定こども園,7:00,19:00,7:00,18:00,8:00,16:00,一時預かり事業（余裕活用型）,"月曜日,火曜日,水曜日,木曜日,金曜日",9:00,16:00,"0歳児（6か月から）,1歳児,2歳児,3歳児,4歳児,5歳児",おおむね1か月前,"市の基準により実施　※【0〜2歳児】4時間未満:1,200円、4時間以上:2,000円【3〜5歳児】4時間未満:500円、4時間以上:800円、副食費:200円",利用を希望する日の保育室の面積基準、保育士の配置基準、行事日や、利用する児童の発育状況等により、受け入れできない場合がありますので、ここに掲載している基本情報については、目安としてご覧ください。,令和8年2月,0,0,2,0,0,0,5,3,0,0,1,0,2025-12-19,
221309,21103,静岡県,浜松市,相生こども園,アイオイコドモエン,4300805,中央区,浜松市中央区相生町14-30,,34.708184,137.748593,(053)461-6519,（学）相生学園,110,幼保連携型認定こども園,7:30,18:30,7:30,18:30,8:30,16:30,実施していない,,,,,,,,令和8年2月,0,0,0,0,0,0,20,7,6,0,0,1,2025-12-19,
221309,21104,静岡県,浜松市,瑞雲こども園,ズイウンコドモエン,4300807,中央区,浜松市中央区佐藤二丁目22-1,,34.713571,137.748791,(053)464-9557,（福）瑞陵会,120,幼保連携型認定こども園,7:00,18:30,7:00,18:00,8:30,16:30,一時預かり事業（一般型）,"月曜日,火曜日,水曜日,木曜日,金曜日",9:00,16:00,"1歳児,2歳児,3歳児,4歳児,5歳児",おおむね1週間前,"市の基準により実施　※【0〜2歳児】4時間未満:1,200円、4時間以上:2,000円【3〜5歳児】4時間未満:500円、4時間以上:800円、副食費:200円",利用を希望する日の保育室の面積基準、保育士の配置基準、行事日や、利用する児童の発育状況等により、受け入れできない場合がありますので、ここに掲載している基本情報については、目安としてご覧ください。,令和8年2月,0,0,0,0,0,0,21,5,6,0,1,0,2025-12-19,
221309,21106,静岡県,浜松市,遊歩の丘にしおかこども園,ユウホノオカニシオカコドモエン,4338116,中央区,浜松市中央区西丘町296,,34.767395,137.691542,(053)420-1818,（福）一葉会福祉事業団,90,幼保連携型認定こども園,7:00,18:30,7:00,18:00,8:30,16:30,一時預かり事業（余裕活用型）,"月曜日,火曜日,水曜日,木曜日,金曜日",9:00,16:00,"0歳児（6か月から）,1歳児,2歳児,3歳児,4歳児,5歳児",おおむね1週間前,"市の基準により実施　※【0〜2歳児】4時間未満:1,200円、4時間以上:2,000円【3〜5歳児】4時間未満:500円、4時間以上:800円、副食費:200円",利用を希望する日の保育室の面積基準、保育士の配置基準、行事日や、利用する児童の発育状況等により、受け入れできない場合がありますので、ここに掲載している基本情報については、目安としてご覧ください。,令和8年2月,0,0,0,0,0,0,12,3,1,1,3,0,2025-12-19,
221309,21107,静岡県,浜松市,みそらこども園,ミソラコドモエン,4328047,中央区,浜松市中央区神田町513,,34.690702,137.718880,(053)443-9836,（福）どれみ会,120,幼保連携型認定こども園,7:00,19:00,7:00,18:00,8:00,16:00,一時預かり事業（余裕活用型）,"月曜日,火曜日,水曜日,木曜日,金曜日",9:00,16:00,"0歳児,1歳児,2歳児,3歳児,4歳児,5歳児",おおむね1か月前,"市の基準により実施　※【0〜2歳児】4時間未満:1,200円、4時間以上:2,000円【3〜5歳児】4時間未満:500円、4時間以上:800円、副食費:200円",利用を希望する日の保育室の面積基準、保育士の配置基準、行事日や、利用する児童の発育状況等により、受け入れできない場合がありますので、ここに掲載している基本情報については、目安としてご覧ください。,令和8年2月,0,0,0,0,0,0,27,4,6,2,0,0,2025-12-19,
221309,21108,静岡県,浜松市,聖隷こども園めぐみ,セイレイコドモエンメグミ,4338125,中央区,浜松市中央区和合町555-1,,34.741295,137.700944,(053)401-1212,（福）聖隷福祉事業団,210,幼保連携型認定こども園,7:00,19:00,7:00,18:00,8:30,16:30,一時預かり事業（一般型）,"月曜日,火曜日,水曜日,木曜日,金曜日",9:00,16:00,"0歳児（産休明から）,1歳児,2歳児,3歳児,4歳児,5歳児",おおむね2週間前,"市の基準により実施　※【0〜2歳児】4時間未満:1,200円、4時間以上:2,000円【3〜5歳児】4時間未満:500円、4時間以上:800円、副食費:200円",利用を希望する日の保育室の面積基準、保育士の配置基準、行事日や、利用する児童の発育状況等により、受け入れできない場合がありますので、ここに掲載している基本情報については、目安としてご覧ください。,令和8年2月,0,0,0,0,0,0,10,1,1,3,1,0,2025-12-19,
221309,21109,静岡県,浜松市,和合こども園,ワゴウコドモエン,4338125,中央区,浜松市中央区和合町220-1280,,34.742243,137.708270,(053)472-2522,（福）遠淡海会,110,幼保連携型認定こども園,7:00,19:00,7:00,18:00,8:30,16:30,一時預かり事業（一般型）,"月曜日,火曜日,水曜日,木曜日,金曜日",8:30,17:00,"0歳児（産休明から）,1歳児,2歳児,3歳児,4歳児,5歳児",おおむね2週間前,"市の基準により実施　※【0〜2歳児】4時間未満:1,200円、4時間以上:2,000円【3〜5歳児】4時間未満:500円、4時間以上:800円、副食費:200円",利用を希望する日の保育室の面積基準、保育士の配置基準、行事日や、利用する児童の発育状況等により、受け入れできない場合がありますので、ここに掲載している基本情報については、目安としてご覧ください。,令和8年2月,0,0,0,0,0,0,13,1,3,0,2,0,2025-12-19,
221309,21110,静岡県,浜松市,れんげこども園,レンゲコドモエン,4338127,中央区,浜松市中央区和合北一丁目2-37,,34.736530,137.722325,(053)482-8241,（福）木華会,120,幼保連携型認定こども園,7:00,18:30,7:00,18:00,8:00,16:00,一時預かり事業（余裕活用型）,"月曜日,火曜日,水曜日,木曜日,金曜日,土曜日",7:00,18:00,"0歳児（産休明から）,1歳児,2歳児,3歳児,4歳児,5歳児",随時,"市の基準により実施　※【0〜2歳児】4時間未満:1,200円、4時間以上:2,000円【3〜5歳児】4時間未満:500円、4時間以上:800円、副食費:200円",利用を希望する日の保育室の面積基準、保育士の配置基準、行事日や、利用する児童の発育状況等により、受け入れできない場合がありますので、ここに掲載している基本情報については、目安としてご覧ください。,令和8年2月,0,0,0,0,0,0,6,0,0,3,0,0,2025-12-19,
221309,21111,静岡県,浜松市,小豆餅ゆすらうめこども園,アズキモチユスラウメコドモエン,4338113,中央区,浜松市中央区小豆餅四丁目18-2,,34.754470,137.730061,(053)414-0001,（福）住吉会,110,幼保連携型認定こども園,7:00,19:00,7:00,18:00,8:30,16:30,一時預かり事業（余裕活用型）,"月曜日,火曜日,水曜日,木曜日,金曜日",9:00,16:00,"0歳児（6か月から）,1歳児,2歳児,3歳児,4歳児,5歳児",おおむね2週間前,"市の基準により実施　※【0〜2歳児】4時間未満:1,200円、4時間以上:2,000円【3〜5歳児】4時間未満:500円、4時間以上:800円、副食費:200円",利用を希望する日の保育室の面積基準、保育士の配置基準、行事日や、利用する児童の発育状況等により、受け入れできない場合がありますので、ここに掲載している基本情報については、目安としてご覧ください。,令和8年2月,0,0,0,0,0,0,13,6,6,1,0,0,2025-12-19,
221309,21112,静岡県,浜松市,上池さくらこども園,カミイケサクラコドモエン,4328011,中央区,浜松市中央区城北二丁目25-43,,34.724181,137.723562,(053)474-1125,（福）住吉会,120,幼保連携型認定こども園,7:00,19:00,7:00,18:00,8:30,16:30,一時預かり事業（余裕活用型）,"月曜日,火曜日,水曜日,木曜日,金曜日",9:00,16:00,"0歳児（6か月から）,1歳児,2歳児,3歳児,4歳児,5歳児",おおむね1週間前,"市の基準により実施　※【0〜2歳児】4時間未満:1,200円、4時間以上:2,000円【3〜5歳児】4時間未満:500円、4時間以上:800円、副食費:200円",利用を希望する日の保育室の面積基準、保育士の配置基準、行事日や、利用する児童の発育状況等により、受け入れできない場合がありますので、ここに掲載している基本情報については、目安としてご覧ください。,令和8年2月,0,0,2,2,2,0,6,2,2,0,0,0,2025-12-19,
221309,21113,静岡県,浜松市,音の森こども園,オトノモリコドモエン,4328002,中央区,浜松市中央区富塚町3657-1,,34.728576,137.696527,(053)488ｰ5116,（福）どれみ会,80,幼保連携型認定こども園,7:00,19:00,7:00,18:00,8:00,16:00,一時預かり事業（余裕活用型）,"月曜日,火曜日,水曜日,木曜日,金曜日",9:00,16:00,"0歳児（6か月から）,1歳児,2歳児,3歳児,4歳児,5歳児",おおむね2か月前,"市の基準により実施　※【0〜2歳児】4時間未満:1,200円、4時間以上:2,000円【3〜5歳児】4時間未満:500円、4時間以上:800円、副食費:200円",利用を希望する日の保育室の面積基準、保育士の配置基準、行事日や、利用する児童の発育状況等により、受け入れできない場合がありますので、ここに掲載している基本情報については、目安としてご覧ください。,令和8年2月,0,0,0,0,0,0,28,3,3,1,3,1,2025-12-19,
221309,21114,静岡県,浜松市,浜松中央こども園,ハママツチュウオウコドモエン,4300949,中央区,浜松市中央区尾張町127-7,,34.711873,137.730485,(053)453-0249,（学）倉橋学園,80,幼保連携型認定こども園,7:30,18:30,7:30,18:30,8:00,16:00,一時預かり事業（余裕活用型）,"月曜日,火曜日,水曜日,木曜日,金曜日",7:30,18:30,"0歳児（産休明から）,1歳児,2歳児,3歳児,4歳児,5歳児",随時,"市の基準により実施　※【0〜2歳児】4時間未満:1,200円、4時間以上:2,000円【3〜5歳児】4時間未満:500円、4時間以上:800円、副食費:200円",利用を希望する日の保育室の面積基準、保育士の配置基準、行事日や、利用する児童の発育状況等により、受け入れできない場合がありますので、ここに掲載している基本情報については、目安としてご覧ください。,令和8年2月,0,0,0,0,0,0,14,5,4,0,1,0,2025-12-19,
221309,21115,静岡県,浜松市,たかい丘こども園,タカイオカコドモエン,4338119,中央区,浜松市中央区高丘北二丁目25-21,,34.761980,137.704451,(053)437-6530,（福）瑞穂会,120,幼保連携型認定こども園,7:00,18:30,7:00,18:00,8:00,16:00,一時預かり事業（余裕活用型）,"月曜日,火曜日,水曜日,木曜日,金曜日",8:00,16:00,"1歳児,2歳児,3歳児,4歳児,5歳児",随時,"市の基準により実施　※【0〜2歳児】4時間未満:1,200円、4時間以上:2,000円【3〜5歳児】4時間未満:500円、4時間以上:800円、副食費:200円",利用を希望する日の保育室の面積基準、保育士の配置基準、行事日や、利用する児童の発育状況等により、受け入れできない場合がありますので、ここに掲載している基本情報については、目安としてご覧ください。,令和8年2月,0,0,0,0,0,0,30,8,2,1,0,0,2025-12-19,
221309,21116,静岡県,浜松市,天林寺こども園,テンリンジコドモエン,4300905,中央区,浜松市中央区下池川町27-1,,34.715981,137.729488,(053)473-7718,（福）真徳会,120,幼保連携型認定こども園,7:15,19:00,7:15,18:15,8:30,16:30,一時預かり事業（一般型）,"月曜日,火曜日,水曜日,木曜日,金曜日",9:00,16:00,"0歳児（8か月から）,1歳児,2歳児,3歳児,4歳児,5歳児",おおむね1週間前,"市の基準により実施　※【0〜2歳児】4時間未満:1,200円、4時間以上:2,000円【3〜5歳児】4時間未満:500円、4時間以上:800円、副食費:200円",利用を希望する日の保育室の面積基準、保育士の配置基準、行事日や、利用する児童の発育状況等により、受け入れできない場合がありますので、ここに掲載している基本情報については、目安としてご覧ください。,令和8年2月,0,0,0,0,1,0,17,5,0,0,0,1,2025-12-19,
221309,21117,静岡県,浜松市,花園こども園,ハナゾノコドモエン,4328038,中央区,浜松市中央区西伊場町77-1,,34.698379,137.705467,(053)488-8755,（学）興福寺学園,120,幼保連携型認定こども園,7:00,18:30,7:00,18:00,8:00,16:00,実施していない,,,,,,,,令和8年2月,0,0,1,0,0,0,37,25,1,3,0,1,2025-12-19,
221309,21118,静岡県,浜松市,まつばこども園,マツバコドモエン,4338122,中央区,浜松市中央区上島一丁目26-14,,34.739400,137.743182,(053)476-2121,（福）松寿会,60,幼保連携型認定こども園,7:00,18:30,7:00,18:00,8:30,16:30,一時預かり事業（一般型）,"月曜日,火曜日,水曜日,木曜日,金曜日",9:00,16:00,"1歳児,2歳児,3歳児,4歳児,5歳児",随時,"市の基準により実施　※【0〜2歳児】4時間未満:1,200円、4時間以上:2,000円【3〜5歳児】4時間未満:500円、4時間以上:800円、副食費:200円",利用を希望する日の保育室の面積基準、保育士の配置基準、行事日や、利用する児童の発育状況等により、受け入れできない場合がありますので、ここに掲載している基本情報については、目安としてご覧ください。,令和8年2月,0,0,0,0,0,0,31,13,6,5,1,1,2025-12-19,
221309,21119,静岡県,浜松市,葵ヶ丘こども園,アオイガオカコドモエン,4338117,中央区,浜松市中央区高丘東三丁目54-18,,34.763532,137.717268,(053)437-7952,（福）みのり会,130,幼保連携型認定こども園,7:00,19:00,7:00,18:00,8:30,16:30,一時預かり事業（一般型）,"月曜日,火曜日,水曜日,木曜日,金曜日",8:00,17:00,"0歳児（12か月から）,1歳児,2歳児,3歳児,4歳児,5歳児",おおむね2週間前,"市の基準により実施　※【0〜2歳児】4時間未満:1,200円、4時間以上:2,000円【3〜5歳児】4時間未満:500円、4時間以上:800円、副食費:200円",利用を希望する日の保育室の面積基準、保育士の配置基準、行事日や、利用する児童の発育状況等により、受け入れできない場合がありますので、ここに掲載している基本情報については、目安としてご覧ください。,令和8年2月,0,0,0,0,0,0,23,6,4,3,0,0,2025-12-19,
221309,21120,静岡県,浜松市,中央ながかみこども園,チュウオウナガカミコドモエン,4300856,中央区,浜松市中央区中島二丁目7-8,,34.701625,137.746419,(053)467-6600,（福）七恵会,120,幼保連携型認定こども園,7:00,18:30,7:00,18:00,8:00,16:00,実施していない,,,,,,,,令和8年2月,0,0,0,1,0,0,7,0,1,0,0,0,2025-12-19,
221309,21105,静岡県,浜松市,りょうけさくらこども園,リョウケサクラコドモエン,4300852,中央区,浜松市中央区領家三丁目23-13,,34.693829,137.754721,(053)463-8211,（福）明生会,150,幼保連携型認定こども園,7:00,18:30,7:00,18:00,8:00,16:00,一時預かり事業（余裕活用型）,"月曜日,火曜日,水曜日,木曜日,金曜日,土曜日",7:30,18:30,"0歳児（産休明から）,1歳児,2歳児,3歳児,4歳児,5歳児",随時,"市の基準により実施　※【0〜2歳児】4時間未満:1,200円、4時間以上:2,000円【3〜5歳児】4時間未満:500円、4時間以上:800円、副食費:200円",利用を希望する日の保育室の面積基準、保育士の配置基準、行事日や、利用する児童の発育状況等により、受け入れできない場合がありますので、ここに掲載している基本情報については、目安としてご覧ください。,令和8年2月,0,0,0,0,0,0,15,3,3,0,1,0,2025-12-19,
221309,21160,静岡県,浜松市,愛恵こどもの園,アイケイコドモノソノ,4328023,中央区,浜松市中央区鴨江三丁目3-37,,34.705988,137.716767,(053)453-5526,（福）浜松乳幼児福祉会,80,幼保連携型認定こども園,7:00,18:30,7:00,18:00,8:30,16:30,一時預かり事業（一般型）,"月曜日,火曜日,水曜日,木曜日,金曜日,土曜日",9:00,16:00,"0歳児（5か月から）,1歳児,3歳児,4歳児,5歳児",おおむね1か月前,"市の基準により実施　※【0〜2歳児】4時間未満:1,200円、4時間以上:2,000円【3〜5歳児】4時間未満:500円、4時間以上:800円、副食費:200円",利用を希望する日の保育室の面積基準、保育士の配置基準、行事日や、利用する児童の発育状況等により、受け入れできない場合がありますので、ここに掲載している基本情報については、目安としてご覧ください。,令和8年2月,0,0,0,0,0,0,9,6,0,1,0,0,2025-12-19,
221309,21121,静岡県,浜松市,聖隷こども園ひかりの子,セイレイコドモエンヒカリノコ,4350052,中央区,浜松市中央区天王町1896,,34.740964,137.767397,(053)421-6822,（福）聖隷福祉事業団,220,幼保連携型認定こども園,7:00,19:00,7:00,18:00,8:30,16:30,一時預かり事業（一般型）,"月曜日,火曜日,水曜日,木曜日,金曜日",9:00,16:00,"0歳児（産休明から）,1歳児,2歳児,3歳児,4歳児,5歳児",おおむね2週間前,"市の基準により実施　※【0〜2歳児】4時間未満:1,200円、4時間以上:2,000円【3〜5歳児】4時間未満:500円、4時間以上:800円、副食費:200円",利用を希望する日の保育室の面積基準、保育士の配置基準、行事日や、利用する児童の発育状況等により、受け入れできない場合がありますので、ここに掲載している基本情報については、目安としてご覧ください。,令和8年2月,0,0,0,0,0,0,11,8,5,1,0,0,2025-12-19,
221309,21122,静岡県,浜松市,いずみこども園,イズミコドモエン,4350056,中央区,浜松市中央区小池町710,,34.751661,137.760293,(053)434-4411,（福）いずみ会,130,幼保連携型認定こども園,7:00,19:00,7:00,18:00,8:00,16:00,一時預かり事業（一般型）,"月曜日,火曜日,水曜日,木曜日,金曜日",9:00,16:00,"0歳児（3か月から）,2歳児,3歳児,4歳児,5歳児",おおむね3週間前,"市の基準により実施　※【0〜2歳児】4時間未満:1,200円、4時間以上:2,000円【3〜5歳児】4時間未満:500円、4時間以上:800円、副食費:200円",利用を希望する日の保育室の面積基準、保育士の配置基準、行事日や、利用する児童の発育状況等により、受け入れできない場合がありますので、ここに掲載している基本情報については、目安としてご覧ください。,令和8年2月,0,0,0,0,0,0,12,4,1,0,0,0,2025-12-19,
221309,21123,静岡県,浜松市,市野与進こども園,イチノヨシンコドモエン,4350051,中央区,浜松市中央区市野町2636,,34.747838,137.767207,(053)423-3535,（福）松渓会,160,幼保連携型認定こども園,7:00,19:00,7:00,18:00,8:30,16:30,一時預かり事業（一般型）,"月曜日,火曜日,水曜日,木曜日,金曜日",9:00,16:00,"0歳児（8か月から）,1歳児,2歳児",おおむね1週間前,"市の基準により実施　※【0〜2歳児】4時間未満:1,200円、4時間以上:2,000円【3〜5歳児】4時間未満:500円、4時間以上:800円、副食費:200円",利用を希望する日の保育室の面積基準、保育士の配置基準、行事日や、利用する児童の発育状況等により、受け入れできない場合がありますので、ここに掲載している基本情報については、目安としてご覧ください。,令和8年2月,0,0,0,0,0,0,27,6,4,2,0,0,2025-12-19,
221309,21124,静岡県,浜松市,まるづかこども園,マルヅカコドモエン,4350046,中央区,浜松市中央区丸塚町287-1,,34.727744,137.760012,(053)465-2525,（福）瑞陵会,120,幼保連携型認定こども園,7:00,18:30,7:00,18:00,8:30,16:30,一時預かり事業（余裕活用型）,"月曜日,火曜日,水曜日,木曜日,金曜日",8:00,17:00,"0歳児（5か月から）,1歳児,2歳児,3歳児,4歳児,5歳児",おおむね2週間前,"市の基準により実施　※【0〜2歳児】4時間未満:1,200円、4時間以上:2,000円【3〜5歳児】4時間未満:500円、4時間以上:800円、副食費:200円",利用を希望する日の保育室の面積基準、保育士の配置基準、行事日や、利用する児童の発育状況等により、受け入れできない場合がありますので、ここに掲載している基本情報については、目安としてご覧ください。,令和8年2月,0,0,0,0,0,0,18,7,6,0,0,0,2025-12-19,
221309,21125,静岡県,浜松市,太陽さぎのみやこども園,タイヨウサギノミヤコドモエン,4313113,中央区,浜松市中央区大瀬町752,,34.760677,137.763006,(053)432-5515,（福）若葉会,120,幼保連携型認定こども園,7:00,19:00,7:00,18:00,8:00,16:00,一時預かり事業（一般型）,"月曜日,火曜日,水曜日,木曜日,金曜日",7:00,18:00,"0歳児（6か月から）,1歳児,2歳児,3歳児,4歳児,5歳児",おおむね1週間前,"市の基準により実施　※【0〜2歳児】4時間未満:1,200円、4時間以上:2,000円【3〜5歳児】4時間未満:500円、4時間以上:800円、副食費:200円",利用を希望する日の保育室の面積基準、保育士の配置基準、行事日や、利用する児童の発育状況等により、受け入れできない場合がありますので、ここに掲載している基本情報については、目安としてご覧ください。,令和8年2月,0,1,0,0,0,0,13,3,1,1,0,0,2025-12-19,
221309,21126,静岡県,浜松市,遊歩の丘かみにしこども園,ユウホノオカカミニシコドモエン,4350048,中央区,浜松市中央区上西町853-2,,34.723329,137.759049,(053)468-1818,（福）一葉会福祉事業団,200,幼保連携型認定こども園,7:00,18:30,7:00,18:00,8:30,16:30,一時預かり事業（余裕活用型）,"月曜日,火曜日,水曜日,木曜日,金曜日",9:00,16:00,"0歳児（6か月から）,1歳児,2歳児,3歳児,4歳児,5歳児",おおむね1週間前,"市の基準により実施　※【0〜2歳児】4時間未満:1,200円、4時間以上:2,000円【3〜5歳児】4時間未満:500円、4時間以上:800円、副食費:200円",利用を希望する日の保育室の面積基準、保育士の配置基準、行事日や、利用する児童の発育状況等により、受け入れできない場合がありますので、ここに掲載している基本情報については、目安としてご覧ください。,令和8年2月,0,0,0,0,0,0,48,21,9,4,0,0,2025-12-19,
221309,21127,静岡県,浜松市,きなりこどもえん,キナリコドモエン,4300803,中央区,浜松市中央区植松町53-4,,34.710358,137.754558,(053)424-6666,（学）鴨江寺学園,120,幼保連携型認定こども園,7:00,19:00,7:00,18:00,8:00,16:00,一時預かり事業（余裕活用型）,"月曜日,火曜日,水曜日,木曜日,金曜日",8:30,16:30,"0歳児（6か月から）,1歳児,2歳児,3歳児,4歳児,5歳児",おおむね1週間前,"市の基準により実施　※【0〜2歳児】4時間未満:1,200円、4時間以上:2,000円【3〜5歳児】4時間未満:500円、4時間以上:800円、副食費:200円",利用を希望する日の保育室の面積基準、保育士の配置基準、行事日や、利用する児童の発育状況等により、受け入れできない場合がありますので、ここに掲載している基本情報については、目安としてご覧ください。,令和8年2月,0,0,0,0,0,0,24,5,6,1,1,0,2025-12-19,
221309,21128,静岡県,浜松市,若宮こども園,ワカミヤコドモエン,4313113,中央区,浜松市中央区大瀬町2050,,34.759125,137.775673,(053)433-2727,（福）遠淡海会,170,幼保連携型認定こども園,7:00,19:00,7:00,18:00,8:30,16:30,一時預かり事業（一般型）,"月曜日,火曜日,水曜日,木曜日,金曜日",9:00,16:30,"0歳児（産休明から）,1歳児,2歳児,3歳児,4歳児,5歳児",おおむね2週間前,"市の基準により実施　※【0〜2歳児】4時間未満:1,200円、4時間以上:2,000円【3〜5歳児】4時間未満:500円、4時間以上:800円、副食費:200円",利用を希望する日の保育室の面積基準、保育士の配置基準、行事日や、利用する児童の発育状況等により、受け入れできない場合がありますので、ここに掲載している基本情報については、目安としてご覧ください。,令和8年2月,0,0,0,0,0,0,10,2,3,0,0,0,2025-12-19,
221309,21129,静岡県,浜松市,蒲こども園,カバコドモエン,4350014,中央区,浜松市中央区大蒲町95-2,,34.715127,137.766585,(053)463-1540,（福）光禅会,120,幼保連携型認定こども園,7:00,18:30,7:00,18:00,8:30,16:30,一時預かり事業（余裕活用型）,"火曜日,木曜日",9:00,16:00,"4歳児,5歳児",おおむね3週間前,"市の基準により実施　※【0〜2歳児】4時間未満:1,200円、4時間以上:2,000円【3〜5歳児】4時間未満:500円、4時間以上:800円、副食費:200円",利用を希望する日の保育室の面積基準、保育士の配置基準、行事日や、利用する児童の発育状況等により、受け入れできない場合がありますので、ここに掲載している基本情報については、目安としてご覧ください。,令和8年2月,0,0,0,0,0,0,18,4,7,1,0,0,2025-12-19,
221309,21130,静岡県,浜松市,そらいろこども園,ソライロコドモエン,4350051,中央区,浜松市中央区市野町1084,,34.751169,137.778747,(053)581-8670,（福）青林福祉会,120,幼保連携型認定こども園,7:00,19:00,7:00,18:00,8:00,16:00,一時預かり事業（余裕活用型）,"月曜日,火曜日,水曜日,木曜日,金曜日",7:00,18:00,"0歳児（6か月から）,1歳児,2歳児,3歳児,4歳児,5歳児",おおむね1週間前,"市の基準により実施　※【0〜2歳児】4時間未満:1,200円、4時間以上:2,000円【3〜5歳児】4時間未満:500円、4時間以上:800円、副食費:200円",利用を希望する日の保育室の面積基準、保育士の配置基準、行事日や、利用する児童の発育状況等により、受け入れできない場合がありますので、ここに掲載している基本情報については、目安としてご覧ください。,令和8年2月,0,0,0,0,0,0,13,3,3,0,0,0,2025-12-19,
221309,21131,静岡県,浜松市,ありたまこども園,アリタマコドモエン,4313122,中央区,浜松市中央区有玉南町2013,,34.749551,137.746120,(053)479-5588,（福）太豊会,120,幼保連携型認定こども園,7:00,19:00,7:00,18:00,8:30,16:30,実施していない,,,,,,,,令和8年2月,0,0,0,0,0,0,27,6,5,3,0,0,2025-12-19,
221309,21132,静岡県,浜松市,天竜こども園,テンリュウコドモエン,4350018,中央区,浜松市中央区薬新町315-1,,34.722067,137.785910,(053)421-5355,（福）岡北福祉会,120,幼保連携型認定こども園,7:00,18:30,7:00,18:00,8:30,16:30,一時預かり事業（一般型）,"月曜日,火曜日,水曜日,木曜日,金曜日",8:30,17:00,"0歳児（10か月から）,1歳児,2歳児,3歳児",おおむね1か月前,"市の基準により実施　※【0〜2歳児】4時間未満:1,200円、4時間以上:2,000円【3〜5歳児】4時間未満:500円、4時間以上:800円、副食費:200円",利用を希望する日の保育室の面積基準、保育士の配置基準、行事日や、利用する児童の発育状況等により、受け入れできない場合がありますので、ここに掲載している基本情報については、目安としてご覧ください。,令和8年2月,0,0,0,0,0,0,11,3,4,1,0,0,2025-12-19,
221309,21133,静岡県,浜松市,浜松東こども園,ハママツヒガシコドモエン,4350042,中央区,浜松市中央区篠ケ瀬町580-3,,34.727630,137.777965,(053)421-5590,（福）全人会,150,幼保連携型認定こども園,7:00,19:00,7:00,18:00,8:30,16:30,一時預かり事業（余裕活用型）,"月曜日,火曜日,水曜日,木曜日,金曜日",8:30,16:30,"0歳児（6か月から）,1歳児",おおむね2週間前,"市の基準により実施　※【0〜2歳児】4時間未満:1,200円、4時間以上:2,000円【3〜5歳児】4時間未満:500円、4時間以上:800円、副食費:200円",利用を希望する日の保育室の面積基準、保育士の配置基準、行事日や、利用する児童の発育状況等により、受け入れできない場合がありますので、ここに掲載している基本情報については、目安としてご覧ください。,令和8年2月,0,0,0,0,0,0,8,3,2,0,0,0,2025-12-19,
221309,21134,静岡県,浜松市,ながかみこども園,ナガカミコドモエン,4350057,中央区,浜松市中央区中田町776,,34.736621,137.760277,(053)411-4811,（福）七恵会,120,幼保連携型認定こども園,7:00,18:30,7:00,18:00,8:00,16:00,一時預かり事業（一般型）,"月曜日,火曜日,水曜日,木曜日,金曜日",8:00,16:00,"1歳児,2歳児,3歳児,4歳児,5歳児",おおむね2か月前,"市の基準により実施　※【0〜2歳児】4時間未満:1,200円、4時間以上:2,000円【3〜5歳児】4時間未満:500円、4時間以上:800円、副食費:200円",利用を希望する日の保育室の面積基準、保育士の配置基準、行事日や、利用する児童の発育状況等により、受け入れできない場合がありますので、ここに掲載している基本情報については、目安としてご覧ください。,令和8年2月,2,0,0,0,1,0,12,3,2,1,0,0,2025-12-19,
221309,21161,静岡県,浜松市,天王こども園,テンノウコドモエン,4350052,中央区,浜松市中央区天王町943,,34.734023,137.776428,(053)421-6979,（学）相生学園,110,幼保連携型認定こども園,7:30,18:30,7:30,18:30,8:30,16:30,実施していない,,,,,,,,令和8年2月,0,0,0,0,0,0,5,4,4,1,0,2,2025-12-19,
221309,21135,静岡県,浜松市,和光こども園,ワコウコドモエン,4311101,中央区,浜松市中央区和光町517,,34.786625,137.681461,(053)486-0434,（福）和光会,160,幼保連携型認定こども園,7:00,18:30,7:00,18:00,8:30,16:30,一時預かり事業（一般型）,"月曜日,火曜日,水曜日,木曜日,金曜日",8:00,17:30,"1歳児,2歳児,3歳児,4歳児,5歳児",おおむね2週間前,"市の基準により実施　※【0〜2歳児】4時間未満:1,200円、4時間以上:2,000円【3〜5歳児】4時間未満:500円、4時間以上:800円、副食費:200円",利用を希望する日の保育室の面積基準、保育士の配置基準、行事日や、利用する児童の発育状況等により、受け入れできない場合がありますので、ここに掲載している基本情報については、目安としてご覧ください。,令和8年2月,4,0,0,0,0,0,1,0,1,0,1,0,2025-12-19,
221309,21136,静岡県,浜松市,入野こども園,イリノコドモエン,4328061,中央区,浜松市中央区入野町10827-1,,34.695438,137.673843,(053)448-1026,（福）白百合明光会,120,幼保連携型認定こども園,7:00,18:30,7:00,18:00,8:00,16:00,一時預かり事業（余裕活用型）,"月曜日,火曜日,水曜日,木曜日,金曜日",9:00,16:00,"0歳児（6か月から）,1歳児,2歳児",随時,"市の基準により実施　※【0〜2歳児】4時間未満:1,200円、4時間以上:2,000円【3〜5歳児】4時間未満:500円、4時間以上:800円、副食費:200円",利用を希望する日の保育室の面積基準、保育士の配置基準、行事日や、利用する児童の発育状況等により、受け入れできない場合がありますので、ここに掲載している基本情報については、目安としてご覧ください。,令和8年2月,0,0,0,0,0,0,24,4,2,0,1,1,2025-12-19,
221309,21137,静岡県,浜松市,さざんかこども園,サザンカコドモエン,4310201,中央区,浜松市中央区篠原町25654,,34.676285,137.658658,(053)449-6116,（福）はなぞの会,90,幼保連携型認定こども園,7:00,19:00,7:00,18:00,8:30,16:30,一時預かり事業（余裕活用型）,"月曜日,火曜日,水曜日,木曜日,金曜日",9:00,16:00,"0歳児（6か月から）,1歳児,2歳児,3歳児,4歳児,5歳児",随時,"市の基準により実施　※【0〜2歳児】4時間未満:1,200円、4時間以上:2,000円【3〜5歳児】4時間未満:500円、4時間以上:800円、副食費:200円",利用を希望する日の保育室の面積基準、保育士の配置基準、行事日や、利用する児童の発育状況等により、受け入れできない場合がありますので、ここに掲載している基本情報については、目安としてご覧ください。,令和8年2月,0,0,0,0,0,0,6,0,0,0,0,0,2025-12-19,
221309,21138,静岡県,浜松市,春日こども園,カスガコドモエン,4310203,中央区,浜松市中央区馬郡町2560,,34.683469,137.627861,(053)592-1600,（学）春日学園,90,幼保連携型認定こども園,7:00,19:00,7:00,18:00,8:00,16:00,実施していない,,,,,,,,令和8年2月,0,0,0,1,0,0,7,3,0,0,0,0,2025-12-19,
221309,21139,静岡県,浜松市,瞳ヶ丘こども園,ヒトミガオカコドモエン,4311112,中央区,浜松市中央区大人見町12-654,,34.733828,137.647761,(053)485-5003,（福）慈愛会,120,幼保連携型認定こども園,7:00,19:00,7:00,18:00,8:00,16:00,実施していない,,,,,,,,令和8年2月,0,0,0,0,0,0,4,1,0,1,0,0,2025-12-19,
221309,21140,静岡県,浜松市,順愛こども園,ジュンアイコドモエン,4310211,中央区,浜松市中央区舞阪町舞阪5372,,34.685498,137.622775,(053)592-7733,（福）順愛会,100,幼保連携型認定こども園,7:00,18:30,7:00,18:00,8:30,16:30,一時預かり事業（一般型）,"月曜日,火曜日,水曜日,木曜日,金曜日",8:00,17:00,"0歳児（10か月から）,1歳児,2歳児,3歳児,4歳児,5歳児",おおむね1か月前,"市の基準により実施　※【0〜2歳児】4時間未満:1,200円、4時間以上:2,000円【3〜5歳児】4時間未満:500円、4時間以上:800円、副食費:200円",利用を希望する日の保育室の面積基準、保育士の配置基準、行事日や、利用する児童の発育状況等により、受け入れできない場合がありますので、ここに掲載している基本情報については、目安としてご覧ください。,令和8年2月,0,0,0,0,0,0,2,0,0,0,1,0,2025-12-19,
221309,21141,静岡県,浜松市,雄踏ちゅうりっぷこども園,ユウトウチュウリップコドモエン,4310102,中央区,浜松市中央区雄踏町宇布見7430-8,,34.705006,137.631173,(053)596-9900,（福）はなぞの会,70,幼保連携型認定こども園,7:00,19:00,7:00,18:00,8:30,16:30,一時預かり事業（余裕活用型）,"月曜日,火曜日,水曜日,木曜日,金曜日",9:00,16:00,"0歳児（10か月から）,1歳児,2歳児,3歳児,4歳児,5歳児",おおむね1か月前,"市の基準により実施　※【0〜2歳児】4時間未満:1,200円、4時間以上:2,000円【3〜5歳児】4時間未満:500円、4時間以上:800円、副食費:200円",利用を希望する日の保育室の面積基準、保育士の配置基準、行事日や、利用する児童の発育状況等により、受け入れできない場合がありますので、ここに掲載している基本情報については、目安としてご覧ください。,令和8年2月,0,0,0,0,0,0,8,2,1,0,0,0,2025-12-19,
221309,21142,静岡県,浜松市,湖東白ゆりこども園,コトウシラユリコドモエン,4311103,中央区,浜松市中央区湖東町5826-1,,34.761228,137.685219,(053)486-5301,（福）庄栄会,120,幼保連携型認定こども園,7:00,19:00,7:00,18:00,9:00,17:00,実施していない,,,,,,,,令和8年2月,0,0,0,0,0,0,9,1,2,2,0,0,2025-12-19,
221309,21143,静岡県,浜松市,花園幼稚園,ハナゾノヨウチエン,4310201,中央区,浜松市中央区篠原町9376,,34.687630,137.658457,(053)447-2336,（学）興福寺学園,70,幼保連携型認定こども園,7:00,18:30,7:00,18:00,8:00,16:00,実施していない,,,,,,,,令和8年2月,0,0,2,2,4,7,2,7,0,0,0,0,2025-12-19,
221309,21144,静岡県,浜松市,志都呂こども園,シトロホイクエン,4328069,中央区,浜松市中央区志都呂一丁目3-7,,34.699575,137.664447,(053)448-1910,（福）芽ばえの郷,100,幼保連携型認定こども園,7:00,19:00,7:00,18:00,8:00,16:00,一時預かり事業（一般型）,"月曜日,火曜日,水曜日,木曜日,金曜日",9:00,17:00,"0歳児（12か月から）,1歳児,2歳児,3歳児,4歳児,5歳児",おおむね2週間前,"市の基準により実施　※【0〜2歳児】4時間未満:1,200円、4時間以上:2,000円【3〜5歳児】4時間未満:500円、4時間以上:800円、副食費:200円",利用を希望する日の保育室の面積基準、保育士の配置基準、行事日や、利用する児童の発育状況等により、受け入れできない場合がありますので、ここに掲載している基本情報については、目安としてご覧ください。,令和8年2月,0,0,0,0,0,0,11,4,3,0,0,0,2025-12-19,
221309,21145,静岡県,浜松市,マーガレットこども園,マーガレットホイクエン,4310202,中央区,浜松市中央区坪井町4571,,34.682287,137.650015,(053)482-7078,（福）はなぞの会,90,幼保連携型認定こども園,7:00,19:00,7:00,18:00,8:30,16:30,一時預かり事業（余裕活用型）,"月曜日,火曜日,水曜日,金曜日",9:00,17:00,"0歳児（産休明から）,1歳児,2歳児,3歳児,4歳児,5歳児",随時,"市の基準により実施　※【0〜2歳児】4時間未満:1,200円、4時間以上:2,000円【3〜5歳児】4時間未満:500円、4時間以上:800円、副食費:200円",利用を希望する日の保育室の面積基準、保育士の配置基準、行事日や、利用する児童の発育状況等により、受け入れできない場合がありますので、ここに掲載している基本情報については、目安としてご覧ください。,令和8年2月,0,0,0,0,0,0,11,1,1,0,0,0,2025-12-19,
221309,21162,静岡県,浜松市,舘山寺こども園,カンザンジコドモエン,4311209,中央区,浜松市中央区舘山寺町2418-1,,34.760833,137.614468,(053)487-1611,（福）庄栄会,90,幼保連携型認定こども園,7:00,19:00,7:00,18:00,9:00,17:00,一時預かり事業（一般型）,"月曜日,火曜日,水曜日,木曜日,金曜日",8:30,17:00,"0歳児（6か月から）,1歳児,2歳児,3歳児,4歳児,5歳児",おおむね1か月前,"市の基準により実施　※【0〜2歳児】4時間未満:1,200円、4時間以上:2,000円【3〜5歳児】4時間未満:500円、4時間以上:800円、副食費:200円",利用を希望する日の保育室の面積基準、保育士の配置基準、行事日や、利用する児童の発育状況等により、受け入れできない場合がありますので、ここに掲載している基本情報については、目安としてご覧ください。,令和8年2月,0,0,0,0,0,0,2,1,2,0,0,0,2025-12-19,
221309,21146,静岡県,浜松市,ずだじこども園,ズダジコドモエン,4300814,中央区,浜松市中央区恩地町291,,34.686366,137.762748,(053)427-2332,（学）頭陀寺学園,100,幼保連携型認定こども園,7:00,19:00,7:00,18:00,8:00,16:00,一時預かり事業（余裕活用型）,"月曜日,火曜日,水曜日,木曜日,金曜日",9:00,16:00,"0歳児（6か月から）,1歳児,2歳児,3歳児",おおむね1週間前,"市の基準により実施　※【0〜2歳児】4時間未満:1,200円、4時間以上:2,000円【3〜5歳児】4時間未満:500円、4時間以上:800円、副食費:200円",利用を希望する日の保育室の面積基準、保育士の配置基準、行事日や、利用する児童の発育状況等により、受け入れできない場合がありますので、ここに掲載している基本情報については、目安としてご覧ください。,令和8年2月,0,0,0,0,0,0,22,4,7,9,3,1,2025-12-19,
221309,21147,静岡県,浜松市,太陽こども園,タイヨウコドモエン,4350028,中央区,浜松市中央区飯田町1507,,34.708218,137.781600,(053)426-1515,（福）若葉会,150,幼保連携型認定こども園,7:00,19:00,7:00,18:00,8:00,16:00,一時預かり事業（一般型）,"月曜日,火曜日,水曜日,木曜日,金曜日",7:00,18:00,"0歳児（6か月から）,1歳児,2歳児,3歳児,4歳児,5歳児",おおむね1週間前,"市の基準により実施　※【0〜2歳児】4時間未満:1,200円、4時間以上:2,000円【3〜5歳児】4時間未満:500円、4時間以上:800円、副食費:200円",利用を希望する日の保育室の面積基準、保育士の配置基準、行事日や、利用する児童の発育状況等により、受け入れできない場合がありますので、ここに掲載している基本情報については、目安としてご覧ください。,令和8年2月,0,0,0,0,0,0,5,2,1,0,0,1,2025-12-19,
221309,21148,静岡県,浜松市,太陽第二こども園,タイヨウダイニコドモエン,4300846,中央区,浜松市中央区白羽町1231,,34.675379,137.735422,(053)441-0006,（福）若葉会,90,幼保連携型認定こども園,7:00,19:00,7:00,18:00,8:00,16:00,一時預かり事業（一般型）,"月曜日,火曜日,水曜日,木曜日,金曜日",7:00,18:00,"0歳児（6か月から）,1歳児,2歳児,3歳児,4歳児,5歳児",おおむね1週間前,"市の基準により実施　※【0〜2歳児】4時間未満:1,200円、4時間以上:2,000円【3〜5歳児】4時間未満:500円、4時間以上:800円、副食費:200円",利用を希望する日の保育室の面積基準、保育士の配置基準、行事日や、利用する児童の発育状況等により、受け入れできない場合がありますので、ここに掲載している基本情報については、目安としてご覧ください。,令和8年2月,0,0,0,0,0,0,0,0,0,0,0,0,2025-12-19,
221309,21149,静岡県,浜松市,平和こども園,ヘイワコドモエン,4300853,中央区,浜松市中央区三島町1200,,34.687229,137.747771,(053)443-1500,（学）浜松平和学園,260,幼保連携型認定こども園,7:00,19:00,7:00,18:00,8:30,16:30,一時預かり事業（余裕活用型）,"月曜日,火曜日,水曜日,木曜日,金曜日",9:00,16:00,"0歳児（6か月から）,1歳児,2歳児,3歳児,4歳児,5歳児",おおむね2週間前,"市の基準により実施　※【0〜2歳児】4時間未満:1,200円、4時間以上:2,000円【3〜5歳児】4時間未満:500円、4時間以上:800円、副食費:200円",利用を希望する日の保育室の面積基準、保育士の配置基準、行事日や、利用する児童の発育状況等により、受け入れできない場合がありますので、ここに掲載している基本情報については、目安としてご覧ください。,令和8年2月,0,0,0,0,0,0,33,9,7,5,2,0,2025-12-19,
221309,21150,静岡県,浜松市,なかよしこども園,ナカヨシコドモエン,4300853,中央区,浜松市中央区三島町1230,,34.689361,137.747854,(053)441-1122,（福）明生会,120,幼保連携型認定こども園,7:00,18:30,7:00,18:00,8:00,16:00,一時預かり事業（余裕活用型）,"月曜日,火曜日,水曜日,木曜日,金曜日,土曜日",7:00,18:30,"0歳児（産休明から）,1歳児,2歳児,3歳児,4歳児,5歳児",随時,"市の基準により実施　※【0〜2歳児】4時間未満:1,200円、4時間以上:2,000円【3〜5歳児】4時間未満:500円、4時間以上:800円、副食費:200円",利用を希望する日の保育室の面積基準、保育士の配置基準、行事日や、利用する児童の発育状況等により、受け入れできない場合がありますので、ここに掲載している基本情報については、目安としてご覧ください。,令和8年2月,0,0,0,0,0,0,14,4,4,1,1,0,2025-12-19,
221309,21151,静岡県,浜松市,ハローこども園,ハローコドモエン,4300825,中央区,浜松市中央区下江町522,,34.680677,137.773229,(053)425-5586,（福）愛光会,90,幼保連携型認定こども園,7:00,19:00,7:00,18:00,8:00,16:00,一時預かり事業（余裕活用型）,"月曜日,水曜日,木曜日",9:00,16:00,"0歳児（産休明から）,1歳児,2歳児",おおむね1か月前,"市の基準により実施　※【0〜2歳児】4時間未満:1,200円、4時間以上:2,000円【3〜5歳児】4時間未満:500円、4時間以上:800円、副食費:200円",利用を希望する日の保育室の面積基準、保育士の配置基準、行事日や、利用する児童の発育状況等により、受け入れできない場合がありますので、ここに掲載している基本情報については、目安としてご覧ください。,令和8年2月,0,1,0,0,0,0,6,0,1,0,0,0,2025-12-19,
221309,21152,静岡県,浜松市,たかつか光こども園,タカツカヒカリコドモエン,4328065,中央区,浜松市中央区高塚町2312-16,,34.686308,137.683758,(053)449-8000,（福）白百合明光会,90,幼保連携型認定こども園,7:00,19:00,7:00,18:00,8:15,16:15,一時預かり事業（一般型）,"月曜日,火曜日,水曜日,木曜日,金曜日",9:00,16:00,"0歳児（7か月から）,1歳児,2歳児,3歳児,4歳児,5歳児",おおむね1か月前,"市の基準により実施　※【0〜2歳児】4時間未満:1,200円、4時間以上:2,000円【3〜5歳児】4時間未満:500円、4時間以上:800円、副食費:200円",利用を希望する日の保育室の面積基準、保育士の配置基準、行事日や、利用する児童の発育状況等により、受け入れできない場合がありますので、ここに掲載している基本情報については、目安としてご覧ください。,令和8年2月,0,0,0,0,0,0,16,3,0,1,0,0,2025-12-19,
221309,21153,静岡県,浜松市,はぁもにぃこども園,ハァモニィコドモエン,4350038,中央区,浜松市中央区三和町782,,34.700992,137.772786,(053)464-8770,（福）どれみ会,100,幼保連携型認定こども園,7:00,19:00,7:00,18:00,8:00,16:00,一時預かり事業（余裕活用型）,"月曜日,火曜日,水曜日,木曜日,金曜日",9:00,16:00,"0歳児（6か月から）,1歳児,2歳児,3歳児,4歳児,5歳児",おおむね1か月前,"市の基準により実施　※【0〜2歳児】4時間未満:1,200円、4時間以上:2,000円【3〜5歳児】4時間未満:500円、4時間以上:800円、副食費:200円",利用を希望する日の保育室の面積基準、保育士の配置基準、行事日や、利用する児童の発育状況等により、受け入れできない場合がありますので、ここに掲載している基本情報については、目安としてご覧ください。,令和8年2月,0,0,0,0,0,0,18,2,4,2,1,0,2025-12-19,
221309,21154,静岡県,浜松市,若林こどもの園,ワカバヤシコドモノソノ,4328051,中央区,浜松市中央区若林町2658-1,,34.693778,137.701631,(053)401-3786,（学）頭陀寺学園,120,幼保連携型認定こども園,7:00,19:00,7:00,18:00,8:00,16:00,一時預かり事業（余裕活用型）,"月曜日,火曜日,水曜日,木曜日,金曜日",9:00,16:00,"0歳児（10か月から）,1歳児,2歳児",おおむね2週間前,"市の基準により実施　※【0〜2歳児】4時間未満:1,200円、4時間以上:2,000円【3〜5歳児】4時間未満:500円、4時間以上:800円、副食費:200円",利用を希望する日の保育室の面積基準、保育士の配置基準、行事日や、利用する児童の発育状況等により、受け入れできない場合がありますので、ここに掲載している基本情報については、目安としてご覧ください。,令和8年2月,0,0,0,0,0,0,19,19,4,2,0,0,2025-12-19,
221309,21155,静岡県,浜松市,遊歩の丘みなみプレスクール,ユウホノオカミナミプレスクール,4328058,中央区,浜松市中央区新橋町917,,34.682450,137.706248,(053)447-0108,（学）一葉学園,120,幼保連携型認定こども園,7:00,18:30,7:00,18:00,8:30,16:30,一時預かり事業（余裕活用型）,"月曜日,火曜日,水曜日,木曜日,金曜日",9:00,16:00,"0歳児（6か月から）,1歳児,2歳児,3歳児,4歳児,5歳児",おおむね1週間前,"市の基準により実施　※【0〜2歳児】4時間未満:1,200円、4時間以上:2,000円【3〜5歳児】4時間未満:500円、4時間以上:800円、副食費:200円",利用を希望する日の保育室の面積基準、保育士の配置基準、行事日や、利用する児童の発育状況等により、受け入れできない場合がありますので、ここに掲載している基本情報については、目安としてご覧ください。,令和8年2月,0,0,0,0,0,0,19,10,5,2,0,0,2025-12-19,
221309,21156,静岡県,浜松市,聖隷クリストファー大学附属クリストファーこども園,セイレイクリストファーダイガクフゾククリストファーコドモエン,4338105,中央区,浜松市中央区三方原町2762,,34.787045,137.694658,(053)430-1700,（学）聖隷学園,90,幼保連携型認定こども園,7:00,19:00,7:00,18:00,8:30,16:30,一時預かり事業（余裕活用型）,"月曜日,火曜日,水曜日,木曜日,金曜日",8:20,18:00,"0歳児（6か月から）,1歳児,2歳児,3歳児,4歳児,5歳児",おおむね1か月前,"市の基準により実施　※【0〜2歳児】4時間未満:1,200円、4時間以上:2,000円【3〜5歳児】4時間未満:500円、4時間以上:800円、副食費:200円",利用を希望する日の保育室の面積基準、保育士の配置基準、行事日や、利用する児童の発育状況等により、受け入れできない場合がありますので、ここに掲載している基本情報については、目安としてご覧ください。,令和8年2月,0,0,0,0,0,0,16,5,5,1,3,0,2025-12-19,
221309,21157,静岡県,浜松市,聖隷こども園わかば,セイレイコドモエンワカバ,4338108,中央区,浜松市中央区根洗町645-1,,34.793969,137.695202,(053)437-0822,（福）聖隷福祉事業団,190,幼保連携型認定こども園,7:00,19:00,7:00,18:00,8:30,16:30,一時預かり事業（一般型）,"月曜日,火曜日,水曜日,木曜日,金曜日",9:00,16:00,"0歳児（産休明から）,1歳児,2歳児,3歳児,4歳児,5歳児",おおむね2週間前,"市の基準により実施　※【0〜2歳児】4時間未満:1,200円、4時間以上:2,000円【3〜5歳児】4時間未満:500円、4時間以上:800円、副食費:200円",利用を希望する日の保育室の面積基準、保育士の配置基準、行事日や、利用する児童の発育状況等により、受け入れできない場合がありますので、ここに掲載している基本情報については、目安としてご覧ください。,令和8年2月,1,0,0,0,0,0,0,1,0,0,1,0,2025-12-19,
221309,21158,静岡県,浜松市,なごみこども園,ナゴミコドモエン,4338105,中央区,浜松市中央区三方原町1367-1,,34.783039,137.711229,(053)420-7530,（福）和光会,120,幼保連携型認定こども園,7:00,19:00,7:00,18:00,8:00,16:00,一時預かり事業（一般型）,"月曜日,火曜日,水曜日,木曜日,金曜日",9:00,16:00,"0歳児（11か月から）,1歳児,2歳児,3歳児,4歳児,5歳児",おおむね1か月前,"市の基準により実施　※【0〜2歳児】4時間未満:1,200円、4時間以上:2,000円【3〜5歳児】4時間未満:500円、4時間以上:800円、副食費:200円",利用を希望する日の保育室の面積基準、保育士の配置基準、行事日や、利用する児童の発育状況等により、受け入れできない場合がありますので、ここに掲載している基本情報については、目安としてご覧ください。,令和8年2月,0,0,0,0,0,0,8,4,3,0,0,0,2025-12-19,
221309,21159,静岡県,浜松市,こども園みらい,コドモエンミライ,4338101,中央区,浜松市中央区三幸町159-1,,34.796690,137.714726,(053)439-3060,（福）公友会,130,幼保連携型認定こども園,7:00,19:00,7:00,18:00,8:30,16:30,一時預かり事業（一般型）,"月曜日,火曜日,水曜日,木曜日,金曜日",9:00,16:00,"0歳児（6か月から）,1歳児,2歳児,3歳児,4歳児,5歳児",おおむね3週間前,"市の基準により実施　※【0〜2歳児】4時間未満:1,200円、4時間以上:2,000円【3〜5歳児】4時間未満:500円、4時間以上:800円、副食費:200円",利用を希望する日の保育室の面積基準、保育士の配置基準、行事日や、利用する児童の発育状況等により、受け入れできない場合がありますので、ここに掲載している基本情報については、目安としてご覧ください。,令和8年2月,0,0,0,0,0,0,3,1,1,0,0,0,2025-12-19,
221309,21163,静岡県,浜松市,三方ときめきこども園,ミカタトキメキコドモエン,4338104,中央区,浜松市中央区東三方町185-2,,34.777622,137.733950,(053)436-7102,（福）初生会,160,幼保連携型認定こども園,7:00,19:00,7:00,18:00,8:30,16:30,一時預かり事業（一般型）,"月曜日,火曜日,水曜日,木曜日,金曜日",9:00,16:00,"0歳児（6か月から）,1歳児,2歳児",おおむね3週間前,"市の基準により実施　※【0〜2歳児】4時間未満:1,200円、4時間以上:2,000円【3〜5歳児】4時間未満:500円、4時間以上:800円、副食費:200円",利用を希望する日の保育室の面積基準、保育士の配置基準、行事日や、利用する児童の発育状況等により、受け入れできない場合がありますので、ここに掲載している基本情報については、目安としてご覧ください。,令和8年2月,0,0,0,0,0,0,8,4,1,0,0,0,2025-12-19,
221309,21201,静岡県,浜松市,聖隷こども園桜ヶ丘,セイレイコドモエンサクラガオカ,4312102,浜名区,浜松市浜名区都田町8749-3,,34.811199,137.737081,(053)428-2494,（福）聖隷福祉事業団,170,幼保連携型認定こども園,7:00,19:00,7:00,18:00,8:00,16:00,一時預かり事業（一般型）,"月曜日,火曜日,水曜日,木曜日,金曜日",9:00,16:00,"0歳児（3か月から）,1歳児,2歳児,3歳児,4歳児,5歳児",おおむね1週間前,"市の基準により実施　※【0〜2歳児】4時間未満:1,200円、4時間以上:2,000円【3〜5歳児】4時間未満:500円、4時間以上:800円、副食費:200円",利用を希望する日の保育室の面積基準、保育士の配置基準、行事日や、利用する児童の発育状況等により、受け入れできない場合がありますので、ここに掲載している基本情報については、目安としてご覧ください。,令和8年2月,0,0,0,0,0,0,5,2,0,0,0,0,2025-12-19,
221309,21202,静岡県,浜松市,みどりのもり都田,ミドリノモリミヤコダ,4312102,浜名区,浜松市浜名区都田町6497-1,,34.824332,137.715112,(053)428-3208,（福）都田会,190,幼保連携型認定こども園,7:00,19:00,7:00,18:00,8:00,16:00,一時預かり事業（一般型）,"月曜日,火曜日,水曜日,木曜日,金曜日",8:30,16:00,"0歳児（12か月から）,1歳児,2歳児,3歳児,4歳児,5歳児",おおむね1か月前,"市の基準により実施　※【0〜2歳児】4時間未満:1,200円、4時間以上:2,000円【3〜5歳児】4時間未満:500円、4時間以上:800円、副食費:200円",利用を希望する日の保育室の面積基準、保育士の配置基準、行事日や、利用する児童の発育状況等により、受け入れできない場合がありますので、ここに掲載している基本情報については、目安としてご覧ください。,令和8年2月,0,0,1,0,0,0,1,2,1,0,0,0,2025-12-19,
221309,21203,静岡県,浜松市,認定こども園きじの里,ニンテイコドモエンキジノサト,4340046,浜名区,浜松市浜名区染地台五丁目4-3,,34.791496,137.750142,(053)585-3375,（福）峰栄会,120,幼保連携型認定こども園,7:00,19:00,7:00,18:00,8:30,16:30,一時預かり事業（余裕活用型）,"月曜日,火曜日,水曜日,木曜日,金曜日",9:00,16:00,"0歳児（6か月から）,1歳児,2歳児,3歳児,4歳児,5歳児",おおむね1週間前,"市の基準により実施　※【0〜2歳児】4時間未満:1,200円、4時間以上:2,000円【3〜5歳児】4時間未満:500円、4時間以上:800円、副食費:200円",利用を希望する日の保育室の面積基準、保育士の配置基準、行事日や、利用する児童の発育状況等により、受け入れできない場合がありますので、ここに掲載している基本情報については、目安としてご覧ください。,令和8年2月,0,0,0,0,0,0,9,2,0,0,0,0,2025-12-19,
221309,21204,静岡県,浜松市,子育てセンターこまつ,コソダテセンターコマツ,4340042,浜名区,浜松市浜名区小松3221,,34.782697,137.770872,(053)584-0170,（福）天竜厚生会,120,幼保連携型認定こども園,7:00,20:00,7:00,18:00,8:30,16:30,一時預かり事業（余裕活用型）,"月曜日,火曜日,水曜日,木曜日,金曜日",7:00,18:00,"0歳児（2か月から）,1歳児,2歳児,3歳児,4歳児,5歳児",おおむね1か月前,"市の基準により実施　※【0〜2歳児】4時間未満:1,200円、4時間以上:2,000円【3〜5歳児】4時間未満:500円、4時間以上:800円、副食費:200円",利用を希望する日の保育室の面積基準、保育士の配置基準、行事日や、利用する児童の発育状況等により、受け入れできない場合がありますので、ここに掲載している基本情報については、目安としてご覧ください。,令和8年2月,0,0,0,0,0,0,12,4,7,2,0,1,2025-12-19,
221309,21205,静岡県,浜松市,子育てセンターきぶね,コソダテセンターキブネ,4340038,浜名区,浜松市浜名区貴布祢2668,,34.800212,137.782942,(053)584-0172,（福）天竜厚生会,150,幼保連携型認定こども園,7:00,19:30,7:00,18:00,8:30,16:30,一時預かり事業（余裕活用型）,"月曜日,火曜日,水曜日,木曜日,金曜日",7:00,18:00,"0歳児（2か月から）,1歳児,2歳児,3歳児,4歳児,5歳児",おおむね1か月前,"市の基準により実施　※【0〜2歳児】4時間未満:1,200円、4時間以上:2,000円【3〜5歳児】4時間未満:500円、4時間以上:800円、副食費:200円",利用を希望する日の保育室の面積基準、保育士の配置基準、行事日や、利用する児童の発育状況等により、受け入れできない場合がありますので、ここに掲載している基本情報については、目安としてご覧ください。,令和8年2月,0,0,0,0,0,0,10,7,5,0,0,0,2025-12-19,
221309,21206,静岡県,浜松市,子育てセンターしばもと,コソダテセンターシバモト,4340015,浜名区,浜松市浜名区於呂3087-2,,34.823381,137.799693,(053)580-0050,（福）天竜厚生会,120,幼保連携型認定こども園,7:00,19:30,7:00,18:00,8:30,16:30,一時預かり事業（余裕活用型）,"月曜日,火曜日,水曜日,木曜日,金曜日",7:00,18:00,"0歳児（2か月から）,1歳児,2歳児,3歳児,4歳児,5歳児",おおむね1か月前,"市の基準により実施　※【0〜2歳児】4時間未満:1,200円、4時間以上:2,000円【3〜5歳児】4時間未満:500円、4時間以上:800円、副食費:200円",利用を希望する日の保育室の面積基準、保育士の配置基準、行事日や、利用する児童の発育状況等により、受け入れできない場合がありますので、ここに掲載している基本情報については、目安としてご覧ください。,令和8年2月,0,0,0,0,0,0,10,9,6,1,3,0,2025-12-19,
221309,21207,静岡県,浜松市,子育てセンターしんぱら,コソダテセンターシンパラ,4340003,浜名区,浜松市浜名区新原2669,,34.815280,137.773797,(053)580-1011,（福）天竜厚生会,150,幼保連携型認定こども園,7:00,19:00,7:00,18:00,8:30,16:30,一時預かり事業（一般型）,"月曜日,火曜日,水曜日,木曜日,金曜日",7:00,18:00,"0歳児（2か月から）,1歳児,2歳児,3歳児,4歳児,5歳児",おおむね1か月前,"市の基準により実施　※【0〜2歳児】4時間未満:1,200円、4時間以上:2,000円【3〜5歳児】4時間未満:500円、4時間以上:800円、副食費:200円",利用を希望する日の保育室の面積基準、保育士の配置基準、行事日や、利用する児童の発育状況等により、受け入れできない場合がありますので、ここに掲載している基本情報については、目安としてご覧ください。,令和8年2月,0,0,0,0,0,0,13,3,3,1,1,1,2025-12-19,
221309,21208,静岡県,浜松市,子育てセンターなかぜ,コソダテセンターナカゼ,4340012,浜名区,浜松市浜名区中瀬673,,34.809635,137.806744,(053)584-0174,（福）天竜厚生会,120,幼保連携型認定こども園,7:00,19:00,7:00,18:00,8:30,16:30,一時預かり事業（余裕活用型）,"月曜日,火曜日,水曜日,木曜日,金曜日",7:00,18:00,"0歳児（産休明から）,1歳児,2歳児,3歳児,4歳児,5歳児",おおむね1か月前,"市の基準により実施　※【0〜2歳児】4時間未満:1,200円、4時間以上:2,000円【3〜5歳児】4時間未満:500円、4時間以上:800円、副食費:200円",利用を希望する日の保育室の面積基準、保育士の配置基準、行事日や、利用する児童の発育状況等により、受け入れできない場合がありますので、ここに掲載している基本情報については、目安としてご覧ください。,令和8年2月,0,0,0,0,0,0,12,6,5,1,1,0,2025-12-19,
221309,21209,静岡県,浜松市,遊歩の丘はまなこども園,ユウホノオカハマナコドモエン,4340042,浜名区,浜松市浜名区小松1285-1,,34.792610,137.771558,(053)585-4141,（福）一葉会福祉事業団,210,幼保連携型認定こども園,7:00,18:30,7:00,18:00,8:30,16:30,一時預かり事業（余裕活用型）,"月曜日,火曜日,水曜日,木曜日,金曜日",9:00,16:00,"1歳児,2歳児,3歳児,4歳児,5歳児",おおむね2週間前,"市の基準により実施　※【0〜2歳児】4時間未満:1,200円、4時間以上:2,000円【3〜5歳児】4時間未満:500円、4時間以上:800円、副食費:200円",利用を希望する日の保育室の面積基準、保育士の配置基準、行事日や、利用する児童の発育状況等により、受け入れできない場合がありますので、ここに掲載している基本情報については、目安としてご覧ください。,令和8年2月,0,0,0,0,0,0,17,14,4,2,0,1,2025-12-19,
221309,21210,静岡県,浜松市,子育てセンターかきのみ,コソダテセンターカキノミ,4340012,浜名区,浜松市浜名区中瀬2308,,34.829987,137.809337,(053)545-3870,（福）天竜厚生会,140,幼保連携型認定こども園,7:00,19:30,7:00,18:00,8:30,16:30,一時預かり事業（余裕活用型）,"月曜日,火曜日,水曜日,木曜日,金曜日",7:00,18:00,"0歳児（2か月から）,1歳児,2歳児,3歳児,4歳児,5歳児",おおむね1か月前,"市の基準により実施　※【0〜2歳児】4時間未満:1,200円、4時間以上:2,000円【3〜5歳児】4時間未満:500円、4時間以上:800円、副食費:200円",利用を希望する日の保育室の面積基準、保育士の配置基準、行事日や、利用する児童の発育状況等により、受け入れできない場合がありますので、ここに掲載している基本情報については、目安としてご覧ください。,令和8年2月,0,0,0,0,0,0,22,14,9,2,2,0,2025-12-19,
221309,21211,静岡県,浜松市,あゆみの森こども園,アユミノモリコドモエン,4340035,浜名区,浜松市浜名区寺島2889-1,,34.786614,137.794274,(053)585-2345,（福）育徳会,210,幼保連携型認定こども園,7:00,19:00,7:00,18:00,8:30,16:30,一時預かり事業（余裕活用型）,"月曜日,火曜日,水曜日,木曜日,金曜日,土曜日",7:00,18:00,"0歳児（産休明から）,1歳児,2歳児,3歳児,4歳児,5歳児",おおむね1週間前,"市の基準により実施　※【0〜2歳児】4時間未満:1,200円、4時間以上:2,000円【3〜5歳児】4時間未満:500円、4時間以上:800円、副食費:200円",利用を希望する日の保育室の面積基準、保育士の配置基準、行事日や、利用する児童の発育状況等により、受け入れできない場合がありますので、ここに掲載している基本情報については、目安としてご覧ください。,令和8年2月,0,0,0,0,0,0,33,15,9,4,3,0,2025-12-19,
221309,21212,静岡県,浜松市,子育てセンターみゅうのおか,コソダテセンターミュウノオカ,4340016,浜名区,浜松市浜名区根堅2596-1,,34.853094,137.801201,(053)545-6380,（福）天竜厚生会,80,幼保連携型認定こども園,7:00,19:00,7:00,18:00,8:30,16:30,一時預かり事業（余裕活用型）,"月曜日,火曜日,水曜日,木曜日,金曜日",7:00,18:00,"0歳児（2か月から）,1歳児,2歳児,3歳児,4歳児,5歳児",おおむね1か月前,"市の基準により実施　※【0〜2歳児】4時間未満:1,200円、4時間以上:2,000円【3〜5歳児】4時間未満:500円、4時間以上:800円、副食費:200円",利用を希望する日の保育室の面積基準、保育士の配置基準、行事日や、利用する児童の発育状況等により、受け入れできない場合がありますので、ここに掲載している基本情報については、目安としてご覧ください。,令和8年2月,0,0,0,0,0,0,10,4,3,0,0,0,2025-12-19,
221309,21213,静岡県,浜松市,こども園ことり,コドモエンコトリ,4340044,浜名区,浜松市浜名区内野5221-5,,34.796748,137.742011,(053)585-0260,（学）空華学園,90,幼保連携型認定こども園,7:00,19:00,7:00,18:00,8:00,16:00,一時預かり事業（余裕活用型）,"月曜日,火曜日,水曜日,木曜日,金曜日",9:00,16:00,"0歳児（6か月から）,1歳児,2歳児,3歳児,4歳児,5歳児",おおむね1か月前,"市の基準により実施　※【0〜2歳児】4時間未満:1,200円、4時間以上:2,000円【3〜5歳児】4時間未満:500円、4時間以上:800円、副食費:200円",利用を希望する日の保育室の面積基準、保育士の配置基準、行事日や、利用する児童の発育状況等により、受け入れできない場合がありますので、ここに掲載している基本情報については、目安としてご覧ください。,令和8年2月,0,0,0,0,1,1,1,1,0,0,0,0,2025-12-19,
221309,21214,静岡県,浜松市,ひらくちかえでこども園,ヒラクチカエデコドモエン,4340041,浜名区,浜松市浜名区平口160,,34.800530,137.763020,(053)585-1701,（福）明生会,90,幼保連携型認定こども園,7:00,18:30,7:00,18:00,8:00,16:00,一時預かり事業（余裕活用型）,"月曜日,火曜日,水曜日,木曜日,金曜日,土曜日",7:00,18:30,"0歳児（産休明から）,1歳児,2歳児,3歳児,4歳児,5歳児",随時,"市の基準により実施　※【0〜2歳児】4時間未満:1,200円、4時間以上:2,000円【3〜5歳児】4時間未満:500円、4時間以上:800円、副食費:200円",利用を希望する日の保育室の面積基準、保育士の配置基準、行事日や、利用する児童の発育状況等により、受け入れできない場合がありますので、ここに掲載している基本情報については、目安としてご覧ください。,令和8年2月,0,0,0,0,0,0,19,8,4,3,0,0,2025-12-19,
221309,21215,静岡県,浜松市,風の子こども園,カゼノココドモエン,4340041,浜名区,浜松市浜名区平口1973,,34.794720,137.768570,(053)544-4150,（学）十全青翔学園,120,幼保連携型認定こども園,7:15,19:15,7:15,18:15,8:30,16:30,一時預かり事業（余裕活用型）,"月曜日,火曜日,水曜日,木曜日,金曜日",8:00,17:00,"0歳児（6か月から）,1歳児,2歳児,3歳児,4歳児,5歳児",おおむね3週間前,"市の基準により実施　※【0〜2歳児】4時間未満:1,200円、4時間以上:2,000円【3〜5歳児】4時間未満:500円、4時間以上:800円、副食費:200円",利用を希望する日の保育室の面積基準、保育士の配置基準、行事日や、利用する児童の発育状況等により、受け入れできない場合がありますので、ここに掲載している基本情報については、目安としてご覧ください。,令和8年2月,0,0,0,0,0,0,13,9,5,3,1,0,2025-12-19,
221309,21216,静岡県,浜松市,森のいえはまきた,モリノイエハマキタ,4340015,浜名区,浜松市浜名区於呂2739,,34.838248,137.796352,(053)580-3131,（福）雄気の里会,120,幼保連携型認定こども園,7:00,19:00,7:00,18:00,8:30,16:30,一時預かり事業（余裕活用型）,"月曜日,火曜日,水曜日,木曜日,金曜日",9:00,16:00,"0歳児（12か月から）,1歳児,2歳児,3歳児,4歳児,5歳児",随時,"市の基準により実施　※【0〜2歳児】4時間未満:1,200円、4時間以上:2,000円【3〜5歳児】4時間未満:500円、4時間以上:800円、副食費:200円",利用を希望する日の保育室の面積基準、保育士の配置基準、行事日や、利用する児童の発育状況等により、受け入れできない場合がありますので、ここに掲載している基本情報については、目安としてご覧ください。,令和8年2月,0,0,0,0,0,0,13,5,5,0,1,0,2025-12-19,
221309,21301,静岡県,浜松市,子育てセンターすぎのこ,コソダテセンタースギノコ,4313305,天竜区,浜松市天竜区大谷111-1,,34.872389,137.816798,(053)922-0170,（福）天竜厚生会,60,幼保連携型認定こども園,7:00,19:00,7:00,18:00,8:30,16:30,一時預かり事業（一般型）,"月曜日,火曜日,水曜日,木曜日,金曜日",7:00,18:00,"0歳児（2か月から）,1歳児,2歳児,3歳児,4歳児,5歳児",おおむね2週間前,"市の基準により実施　※【0〜2歳児】4時間未満:1,200円、4時間以上:2,000円【3〜5歳児】4時間未満:500円、4時間以上:800円、副食費:200円",利用を希望する日の保育室の面積基準、保育士の配置基準、行事日や、利用する児童の発育状況等により、受け入れできない場合がありますので、ここに掲載している基本情報については、目安としてご覧ください。,令和8年2月,0,0,0,0,0,0,6,1,2,0,0,0,2025-12-19,
221309,21302,静岡県,浜松市,子育てセンターやまびこ,コソダテセンターヤマビコ,4313303,天竜区,浜松市天竜区山東3577,,34.870505,137.825595,(053)922-0180,（福）天竜厚生会,90,幼保連携型認定こども園,7:00,19:00,7:00,18:00,8:30,16:30,一時預かり事業（余裕活用型）,"月曜日,火曜日,水曜日,木曜日,金曜日",7:00,18:00,"0歳児（2か月から）,1歳児,2歳児,3歳児,4歳児,5歳児",おおむね1か月前,"市の基準により実施　※【0〜2歳児】4時間未満:1,200円、4時間以上:2,000円【3〜5歳児】4時間未満:500円、4時間以上:800円、副食費:200円",利用を希望する日の保育室の面積基準、保育士の配置基準、行事日や、利用する児童の発育状況等により、受け入れできない場合がありますので、ここに掲載している基本情報については、目安としてご覧ください。,令和8年2月,0,0,0,0,0,0,7,2,3,1,0,0,2025-12-19,
221309,22101,静岡県,浜松市,あそびこども園浜松,アソビコドモエンハママツ,4350006,中央区,浜松市中央区下石田町320,,34.742574,137.784210,(053)422-2525,（株）あそび学園,200,保育所型認定こども園,7:00,19:00,7:00,18:00,8:30,16:30,一時預かり事業（一般型）,"月曜日,火曜日,水曜日,木曜日,金曜日",9:00,16:00,"0歳児（12か月から）,1歳児,2歳児",おおむね1か月前,"市の基準により実施　※【0〜2歳児】4時間未満:1,200円、4時間以上:2,000円【3〜5歳児】4時間未満:500円、4時間以上:800円、副食費:200円",利用を希望する日の保育室の面積基準、保育士の配置基準、行事日や、利用する児童の発育状況等により、受け入れできない場合がありますので、ここに掲載している基本情報については、目安としてご覧ください。,令和8年2月,0,2,0,0,0,0,9,2,3,2,0,0,2025-12-19,
221309,22102,静岡県,浜松市,浜っ子こども園,ハマッココドモエン,4350008,中央区,浜松市中央区松小池町340,,34.734031,137.791460,(053)421-6800,（株）あそび学園,130,保育所型認定こども園,7:00,19:00,7:00,18:00,8:30,16:30,一時預かり事業（一般型）,"月曜日,火曜日,水曜日,木曜日,金曜日",9:00,16:00,"0歳児（12か月から）,1歳児,2歳児",おおむね3週間前,"市の基準により実施　※【0〜2歳児】4時間未満:1,200円、4時間以上:2,000円【3〜5歳児】4時間未満:500円、4時間以上:800円、副食費:200円",利用を希望する日の保育室の面積基準、保育士の配置基準、行事日や、利用する児童の発育状況等により、受け入れできない場合がありますので、ここに掲載している基本情報については、目安としてご覧ください。,令和8年2月,0,0,0,0,0,0,5,2,3,1,1,0,2025-12-19,
221309,22103,静岡県,浜松市,あそび西ケ崎こども園,アソビニシガサキコドモエン,4313115,中央区,浜松市中央区西ケ崎町1430-1,,34.775338,137.761923,(053)589-5757,（株）あそび学園,120,保育所型認定こども園,7:00,19:00,7:00,18:00,8:30,16:30,一時預かり事業（一般型）,"月曜日,火曜日,水曜日,木曜日,金曜日",9:00,16:00,"0歳児（6か月から）,1歳児,2歳児",おおむね1か月前,"市の基準により実施　※【0〜2歳児】4時間未満:1,200円、4時間以上:2,000円【3〜5歳児】4時間未満:500円、4時間以上:800円、副食費:200円",利用を希望する日の保育室の面積基準、保育士の配置基準、行事日や、利用する児童の発育状況等により、受け入れできない場合がありますので、ここに掲載している基本情報については、目安としてご覧ください。,令和8年2月,0,0,0,0,0,0,14,9,4,2,2,0,2025-12-19,
221309,22201,静岡県,浜松市,うちのの丘。こども園,ウチノノオカコドモエン,4340045,浜名区,浜松市浜名区内野台二丁目13-6,,34.784740,137.750062,(053)544-7080,（株）ビューティースマイル,80,保育所型認定こども園,7:00,18:30,7:00,18:00,8:30,16:30,一時預かり事業（余裕活用型）,"月曜日,火曜日,水曜日,木曜日,金曜日",8:45,16:30,"0歳児（6か月から）,1歳児,2歳児,3歳児,4歳児,5歳児",おおむね1週間前,"市の基準により実施　※【0〜2歳児】4時間未満:1,200円、4時間以上:2,000円【3〜5歳児】4時間未満:500円、4時間以上:800円、副食費:200円",利用を希望する日の保育室の面積基準、保育士の配置基準、行事日や、利用する児童の発育状況等により、受け入れできない場合がありますので、ここに掲載している基本情報については、目安としてご覧ください。,令和8年2月,0,0,0,0,0,0,8,3,0,1,0,1,2025-12-19,
